rank,epochs,total_params,trainable_params,percent_trainable,runtime_seconds,avg_epoch_time,peak_gpu_memory_mb,final_loss,fid
4,20,113771523,98304,0.086405,1045,52.25,2065.01,0.040726806968450546,130.858029
8,20,113869827,196608,0.17266,1044,52.2,2066.37,0.03431731462478638,132.269952
16,20,114066435,393216,0.344725,1040,52.0,2069.07,0.031103363260626793,131.355512
