rank,epochs,total_params,trainable_params,percent_trainable,runtime_seconds,avg_epoch_time,peak_gpu_memory_mb,final_loss,fid
4,10,1073033,16384,1.526887,549,54.9,1753.54,0.14349395036697388,383.243837
8,10,1089417,32768,3.007847,545,54.5,1761.75,0.14245711266994476,387.80696
16,10,1122185,65536,5.840035,545,54.5,1778.18,0.134733647108078,402.033505
